{
   "projectid":272,
   "segments":[
      {
         "keylog":"op: C word:  CDs time: 10||",
         "target":"Am 63. Tag ernannte Däne Adam und Kyra zur Räumung.",
         "sourceLanguage":"EN-US",
         "colorLabels":[1, 1, 1, 1, 5, 2, 1, 1, 1, 1, 2, 1],
         "segmentStatus":2,
         "mt":"Am 63. Tag ernannte Däne Adam und Kyra zur Räumung.",
         "source":"On Day 63, Dane nominated Adam and Kyra for eviction.",
         "qualityLabels":[1, 1, 1, 1, 5, 2, 1, 1, 1, 1, 2, 1],
         "targetLanguage":"DE-DE",
         "id":1,
         "mode":"QE2"
      },
      {
         "keylog":"",
         "target":"Hawkeye, ein reformierter Unterwelt Snoop, der Gangster und andere Kriminelle verfolgt.",
         "sourceLanguage":"EN-US",
         "colorLabels":[1, 1, 1, 1, 1, 6, 1, 2, 2, 2, 2, 1, 1, 1],
         "segmentStatus":2,
         "mt":"Hawkeye, ein reformierter Unterwelt Snoop, der Gangster und andere Kriminelle verfolgt.",
         "source":"Hawkeye, a reformed underworld snoop who trails gangsters and other criminals.",
         "qualityLabels":[1, 1, 1, 1, 1, 6, 1, 2, 2, 2, 2, 1, 1, 1],
         "targetLanguage":"DE-DE",
         "id":2,
         "mode":"QE2"
      },
      {
         "target":"Nick & Phil nominierten dann Nikki und Tim für die Räumung.",
         "mt":"Nick & Phil nominierten dann Nikki und Tim für die Räumung.",
         "sourceLanguage":"EN-US",
         "segmentStatus":2,
         "source":"Nick & Phil then nominated Nikki and Tim for eviction.",
         "mode":"QE2",
         "colorLabels":[1, 1, 2, 1, 1, 1, 1, 1, 1, 1, 1, 1],
         "targetLanguage":"DE-DE",
         "id":3,
         "qualityLabels":[1, 1, 2, 1, 1, 1, 1, 1, 1, 1, 1, 1]
      },
      {
         "keylog":"",
         "target":"Sie krönten den Sommer aus mit ihrem ersten Auftritt in Port Chester war The Capitol Theatre seit Mitte der 1990er Jahre.",
         "sourceLanguage":"EN-US",
         "colorLabels":[1, 1, 1, 1, 1, 1, 1, 1, 1, 6, 1, 1, 5, 1, 1, 1, 1, 1, 1, 1, 1, 1, 1],
         "segmentStatus":2,
         "mt":"Sie krönten den Sommer aus mit ihrem ersten Auftritt in Port Chester war The Capitol Theatre seit Mitte der 1990er Jahre.",
         "source":"They capped the summer off with their first appearance at Port Chester’s The Capitol Theatre since the mid 1990’s.",
         "qualityLabels":[1, 1, 1, 1, 1, 1, 1, 1, 1, 6, 1, 1, 5, 1, 1, 1, 1, 1, 1, 1, 1, 1, 1],
         "targetLanguage":"DE-DE",
         "id":4,
         "mode":"QE2"
      },
      {
         "keylog":"op: C word:  CDs time: 10||",
         "target":"Beatles-Biograph Bob Spitz beschrieb Starkeys Erziehung als dickensianische Chronik des Unglücks.",
         "sourceLanguage":"EN-US",
         "colorLabels":[1, 4, 5, 1, 1, 1, 1, 1, 1, 1, 1, 1, 1, 1],
         "segmentStatus":2,
         "mt":"Beatles-Biograph Bob Spitz beschrieb Starkeys Erziehung als dickensianische Chronik des Unglücks.",
         "source":"Beatles biographer Bob Spitz described Starkey's upbringing as  a Dickensian chronicle of misfortune.",
         "qualityLabels":[1, 4, 5, 1, 1, 1, 1, 1, 1, 1, 1, 1, 1, 1],
         "targetLanguage":"DE-DE",
         "id":5,
         "mode":"QE1"
      },
      {
         "keylog":"",
         "target":"Im März 1851 trat er als Kommissar zurück und kehrte zur Achten Infanterie zurück.",
         "sourceLanguage":"EN-US",
         "colorLabels":[3, 3, 3, 3, 3, 1, 1, 1, 1, 1, 1, 1, 1, 1, 1],
         "segmentStatus":2,
         "mt":"Im März 1851 trat er als Kommissar zurück und kehrte zur Achten Infanterie zurück.",
         "source":"He resigned as commissary in March 1851 and returned to the Eighth Infantry.",
         "qualityLabels":[3, 3, 3, 3, 3, 1, 1, 1, 1, 1, 1, 1, 1, 1, 1],
         "targetLanguage":"DE-DE",
         "id":6,
         "mode":"QE1"
      },
      {
         "target":"Nach dem Raub versteckte sich die Bande auf die Leatherslade Farm.",
         "mt":"Nach dem Raub versteckte sich die Bande auf die Leatherslade Farm.",
         "sourceLanguage":"EN-US",
         "segmentStatus":2,
         "source":"After the robbery, the gang hid at Leatherslade Farm.",
         "mode":"QE1",
         "colorLabels":[1, 1, 1, 1, 1, 1, 1, 1, 5, 1, 1, 1],
         "targetLanguage":"DE-DE",
         "id":7,
         "qualityLabels":[1, 1, 1, 1, 1, 1, 1, 1, 5, 1, 1, 1]
      },
      {
         "keylog":"",
         "target":"Philo versuchte, die griechische und jüdische Philosophie durch Allegorie zu verschmelzen und zu harmonisieren, die er durch jüdische Exegese und Stoizismus lernte.",
         "sourceLanguage":"EN-US",
         "colorLabels":[1, 1, 1, 1, 1, 1, 1, 1, 1, 3, 1, 1, 1, 1, 1, 1, 1, 1, 2, 1, 1, 1, 1, 1, 1],
         "segmentStatus":2,
         "mt":"Philo versuchte, die griechische und jüdische Philosophie durch Allegorie zu verschmelzen und zu harmonisieren, die er durch jüdische Exegese und Stoizismus lernte.",
         "source":"Philo attempted to fuse and harmonize Greek and Jewish philosophy through allegory, which he learned from Jewish exegesis and Stoicism.",
         "qualityLabels":[1, 1, 1, 1, 1, 1, 1, 1, 1, 3, 1, 1, 1, 1, 1, 1, 1, 1, 2, 1, 1, 1, 1, 1, 1],
         "targetLanguage":"DE-DE",
         "id":8,
         "mode":"QE1"
      },
      {
         "keylog":"op: C word:  CDs time: 10||",
         "target":"Nadal zog sich aufgrund einer Handgelenkverletzung von der amerikanischen Schaukel zurück.",
         "sourceLanguage":"EN-US",
         "colorLabels":[1, 1, 1, 1, 1, 1, 6, 1, 1, 1, 1, 1],
         "segmentStatus":2,
         "mt":"Nadal zog sich aufgrund einer Handgelenkverletzung von der amerikanischen Schaukel zurück.",
         "source":"Nadal withdrew from the American swing owing to a wrist injury.",
         "qualityLabels":[1, 1, 1, 1, 1, 1, 6, 1, 1, 1, 1, 1],
         "targetLanguage":"DE-DE",
         "id":9,
         "mode":"QE1"
      },
	  {
         "keylog":"op: C word:  CDs time: 10||",
         "target":"Die Pflanzer würden dann große Heuschrecken mit Tabak füllen und sie in Inspektionslager transportieren.",
         "sourceLanguage":"EN-US",
         "colorLabels":[1, 1, 4, 1, 2, 6, 1, 1, 1, 2, 1, 1, 2, 6, 1],
         "segmentStatus":2,
         "mt":"Die Pflanzer würden dann große Heuschrecken mit Tabak füllen und sie in Inspektionslager transportieren.",
         "source":"Planters would then fill large hogsheads with tobacco and convey them to inspection warehouses.",
         "qualityLabels":[1, 1, 4, 1, 2, 6, 1, 1, 1, 2, 1, 1, 2, 6, 1],
         "targetLanguage":"DE-DE",
         "id":10,
         "mode":"QE1"
      },
	  {
         "keylog":"op: C word:  CDs time: 10||",
         "target":"Mit anderen Worten, sie korrigiert den Wechselstrom auf einen pulsierenden Gleichstrom.",
         "sourceLanguage":"EN-US",
         "colorLabels":[1, 1, 1, 1, 4, 5, 1, 1, 6, 1, 2, 2, 1],
         "segmentStatus":2,
         "mt":"Mit anderen Worten, sie korrigiert den Wechselstrom auf einen pulsierenden Gleichstrom.",
         "source":"In other words, it rectifies the AC current to a pulsing DC current.",
         "qualityLabels":[1, 1, 1, 1, 4, 5, 1, 1, 6, 1, 2, 2, 1],
         "targetLanguage":"DE-DE",
         "id":11,
         "mode":"QE1"
      },
	  {
         "keylog":"op: C word:  CDs time: 10||",
         "target":"Unter der Leitung von Gerbert und Bischof Adalbert von Prag machte sich Otto III. auf den Weg, das Reich neu zu organisieren.",
         "sourceLanguage":"EN-US",
         "colorLabels":[5, 4, 6, 5, 1, 1, 1, 1, 1, 2, 1, 1, 1, 1, 2, 1, 1, 1, 1, 1, 1, 1, 1, 1, 1],
         "segmentStatus":2,
         "mt":"Unter der Leitung von Gerbert und Bischof Adalbert von Prag machte sich Otto III. auf den Weg, das Reich neu zu organisieren.",
         "source":"Counseled by Gerbert and Bishop Adalbert of Prague, Otto III set out to reorganize the Empire.",
         "qualityLabels":[5, 4, 6, 5, 1, 1, 1, 1, 1, 2, 1, 1, 1, 1, 2, 1, 1, 1, 1, 1, 1, 1, 1, 1, 1],
         "targetLanguage":"DE-DE",
         "id":12,
         "mode":"QE1"
      },
	  {
         "keylog":"op: C word:  CDs time: 10||",
         "target":"Swenson reiste mit dem Hundeschlitten zumindest bis Cape Navarin und Korfa Bay zum Handel.",
         "sourceLanguage":"EN-US",
         "colorLabels":[1, 1, 1, 1, 1, 6, 1, 4, 2, 1, 1, 5, 4, 6, 1],
         "segmentStatus":2,
         "mt":"Swenson reiste mit dem Hundeschlitten zumindest bis Cape Navarin und Korfa Bay zum Handel.",
         "source":"Swenson traveled by dogsled at least as far as Cape Navarin and Korfa Bay to trade.",
         "qualityLabels":[1, 1, 1, 1, 1, 6, 1, 4, 2, 1, 1, 5, 4, 6, 1],
         "targetLanguage":"DE-DE",
         "id":13,
         "mode":"QE2"
      },
	  {
         "keylog":"op: C word:  CDs time: 10||",
         "target":"Während ihrer Amtszeit gewann Dietzel, Saban und Miles jeweils nationale Meisterschaften, die von großen Selektoren während der Tigers vergeben wurden.",
         "sourceLanguage":"EN-US",
         "colorLabels":[1, 1, 2, 5, 2, 2, 1, 1, 1, 1, 1, 1, 2, 2, 1, 1, 1, 5, 4, 1, 5, 1, 1],
         "segmentStatus":2,
         "mt":"Während ihrer Amtszeit gewann Dietzel, Saban und Miles jeweils nationale Meisterschaften, die von großen Selektoren während der Tigers vergeben wurden.",
         "source":"During their tenures, Dietzel, Saban, and Miles each won national championships awarded by major selectors while with the Tigers.",
         "qualityLabels":[1, 1, 2, 5, 2, 2, 1, 1, 1, 1, 1, 1, 2, 2, 1, 1, 1, 5, 4, 1, 5, 1, 1],
         "targetLanguage":"DE-DE",
         "id":14,
         "mode":"QE2"
      },
	  {
         "keylog":"op: C word:  CDs time: 10||",
         "target":"Im Februar sicherte sich die Vierzehnte Armee auf breiter Front der Brückenköpfe über den Irrawaddy.",
         "sourceLanguage":"EN-US",
         "colorLabels":[1, 1, 1, 4, 5, 6, 1, 1, 1, 1, 6, 1, 1, 2, 1, 1],
         "segmentStatus":2,
         "mt":"Im Februar sicherte sich die Vierzehnte Armee auf breiter Front der Brückenköpfe über den Irrawaddy.",
         "source":"During February, Fourteenth Army secured bridgeheads across the Irrawaddy on a broad front.",
         "qualityLabels":[1, 1, 1, 4, 5, 6, 1, 1, 1, 1, 6, 1, 1, 2, 1, 1],
         "targetLanguage":"DE-DE",
         "id":15,
         "mode":"QE2"
      },
	  {
         "keylog":"op: C word:  CDs time: 10||",
         "target":"Sophomore Jacory Harris leitete die neu umgesetzte Straftat.",
         "sourceLanguage":"EN-US",
         "colorLabels":[1, 1, 1, 1, 2, 1, 1, 4, 1],
         "segmentStatus":2,
         "mt":"Sophomore Jacory Harris leitete die neu umgesetzte Straftat.",
         "source":"Sophomore Jacory Harris directed the newly implemented offense.",
         "qualityLabels":[1, 1, 1, 1, 2, 1, 1, 4, 1],
         "targetLanguage":"DE-DE",
         "id":16,
         "mode":"QE2"
      },
	  {
         "keylog":"op: C word:  CDs time: 10||",
         "target":"Bei der Erfüllung dieser Aufgabe hat ein begleitendes britisches Schlachtschiff, HMS King George V, versehentlich einen Zerstörer gerammt und ihn in zwei Teile zerteilt.",
         "sourceLanguage":"EN-US",
         "colorLabels":[1, 2, 5, 1, 5, 1, 1, 1, 2, 1, 3, 1, 1, 1, 1, 1, 1, 1, 1, 1, 1, 1, 1, 1, 1, 5, 1],
         "segmentStatus":2,
         "mt":"Bei der Erfüllung dieser Aufgabe hat ein begleitendes britisches Schlachtschiff, HMS King George V, versehentlich einen Zerstörer gerammt und ihn in zwei Teile zerteilt.",
         "source":"While carrying out this duty, an accompanying British battleship, HMS King George V, accidentally rammed a destroyer, cutting it in two.",
         "qualityLabels":[1, 2, 5, 1, 5, 1, 1, 1, 2, 1, 3, 1, 1, 1, 1, 1, 1, 1, 1, 1, 1, 1, 1, 1, 1, 5, 1],
         "targetLanguage":"DE-DE",
         "id":17,
         "mode":"QE2"
      },
	  {
         "keylog":"op: C word:  CDs time: 10||",
         "target":"McKinley beruhigte geschwollene Federn von Partybigwigs per Post und persönlich.",
         "sourceLanguage":"EN-US",
         "colorLabels":[1, 1, 5, 1, 1, 1, 1, 1, 2, 1, 1],
         "segmentStatus":2,
         "mt":"McKinley beruhigte geschwollene Federn von Partybigwigs per Post und persönlich.",
         "source":"McKinley soothed ruffled feathers of party bigwigs by mail and in person.",
         "qualityLabels":[1, 1, 5, 1, 1, 1, 1, 1, 2, 1, 1],
         "targetLanguage":"DE-DE",
         "id":18,
         "mode":"QE2"
      },
	  {
         "keylog":"op: C word:  CDs time: 10||",
         "target":"Insbesondere können chimische Hämoglobine in Pilzen und Riesenanneliden sowohl Globin als auch andere Proteinarten enthalten.",
         "sourceLanguage":"EN-US",
         "colorLabels":[2, 1, 6, 2, 5, 1, 1, 6, 2, 1, 1, 1, 1, 1, 1, 1],
         "segmentStatus":2,
         "mt":"Insbesondere können chimische Hämoglobine in Pilzen und Riesenanneliden sowohl Globin als auch andere Proteinarten enthalten.",
         "source":"In particular, chimeric hemoglobins found in fungi and giant annelids may contain both globin and other types of proteins.",
         "qualityLabels":[2, 1, 6, 2, 5, 1, 1, 6, 2, 1, 1, 1, 1, 1, 1, 1],
         "targetLanguage":"DE-DE",
         "id":19,
         "mode":"QE2"
      },
	  {
         "keylog":"op: C word:  CDs time: 10||",
         "target":"Sechs Bristol Blenheims unternahmen eine bewaffnete Erkundung der Nordsee.",
         "sourceLanguage":"EN-US",
         "colorLabels":[2, 1, 1, 1, 1, 2, 5, 6, 1, 1],
         "segmentStatus":2,
         "mt":"Sechs Bristol Blenheims unternahmen eine bewaffnete Erkundung der Nordsee.",
         "source":"Six Bristol Blenheims undertook an armed reconnaissance over the North Sea.",
         "qualityLabels":[2, 1, 1, 1, 1, 2, 5, 6, 1, 1],
         "targetLanguage":"DE-DE",
         "id":20,
         "mode":"QE2"
      },
	  {
         "keylog":"op: C word:  CDs time: 10||",
         "target":"Seine kompromisslose Haltung liebte ihn nicht, sich zu mäßigen, und seine Arroganz und Unflexibilität hemmten seine Effektivität als Gesetzgeber oft.",
         "sourceLanguage":"EN-US",
         "colorLabels":[2, 2, 1, 6, 5, 6, 1, 5, 4, 4, 2, 1, 1, 1, 1, 1, 1, 1, 1, 1, 1, 1, 1],
         "segmentStatus":2,
         "mt":"Seine kompromisslose Haltung liebte ihn nicht, sich zu mäßigen, und seine Arroganz und Unflexibilität hemmten seine Effektivität als Gesetzgeber oft.",
         "source":"His uncompromising attitude did not endear him to moderates and his arrogance and inflexibility often inhibited his effectiveness as a legislator.",
         "qualityLabels":[2, 2, 1, 6, 5, 6, 1, 5, 4, 4, 2, 1, 1, 1, 1, 1, 1, 1, 1, 1, 1, 1, 1],
         "targetLanguage":"DE-DE",
         "id":21,
         "mode":"QE1"
      },
	  {
         "keylog":"op: C word:  CDs time: 10||",
         "target":"Zwei Regimenter landeten im Oktober 1768, gefolgt von zwei weiteren im November.",
         "sourceLanguage":"EN-US",
         "colorLabels":[2, 2, 4, 2, 1, 1, 6, 1, 1, 1, 6, 4, 1, 1],
         "segmentStatus":2,
         "mt":"Zwei Regimenter landeten im Oktober 1768, gefolgt von zwei weiteren im November.",
         "source":"Two regiments disembarked in October 1768, followed by two more in November.",
         "qualityLabels":[2, 2, 4, 2, 1, 1, 6, 1, 1, 1, 6, 4, 1, 1],
         "targetLanguage":"DE-DE",
         "id":22,
         "mode":"QE1"
      },
	  {
         "keylog":"op: C word:  CDs time: 10||",
         "target":"Retrospektive von Odhise Paskali Odhise Paskali, einem berühmten Bildhauer aus Albanien.",
         "sourceLanguage":"EN-US",
         "colorLabels":[1, 1, 3, 3, 2, 2, 1, 2, 2, 1, 1, 3, 1],
         "segmentStatus":2,
         "mt":"Retrospektive von Odhise Paskali Odhise Paskali, einem berühmten Bildhauer aus Albanien.",
         "source":"Retrospective of Odhise Paskali Odhise Paskali, a famous sculptor from Albania.",
         "qualityLabels":[1, 1, 3, 3, 2, 2, 1, 2, 2, 1, 1, 3, 1],
         "targetLanguage":"DE-DE",
         "id":23,
         "mode":"QE1"
      },
	  {
         "keylog":"op: C word:  CDs time: 10||",
         "target":"Disco wurde als geistlos, konsumistisch, überproduziert und entflohen kritisiert.",
         "sourceLanguage":"EN-US",
         "colorLabels":[1, 1, 1, 4, 1, 6, 1, 1, 1, 4, 1, 1],
         "segmentStatus":2,
         "mt":"Disco wurde als geistlos, konsumistisch, überproduziert und entflohen kritisiert.",
         "source":"Disco was criticized as mindless, consumerist, overproduced and escapist.",
         "qualityLabels":[1, 1, 1, 4, 1, 6, 1, 1, 1, 4, 1, 1],
         "targetLanguage":"DE-DE",
         "id":24,
         "mode":"QE1"
      },
	  {
         "keylog":"op: C word:  CDs time: 10||",
         "target":"Texas Quarterback James Brown absolvierte 14 seiner 36 Durchgangsversuche für 148 Yards, drei Interzeptionen und einen Touchdown.",
         "sourceLanguage":"EN-US",
         "colorLabels":[4, 4, 1, 1, 1, 1, 2, 1, 5, 1, 1, 1, 1, 1, 4, 1, 1, 1, 1],
         "segmentStatus":2,
         "mt":"Texas Quarterback James Brown absolvierte 14 seiner 36 Durchgangsversuche für 148 Yards, drei Interzeptionen und einen Touchdown.",
         "source":"Texas quarterback James Brown completed 14 of his 36 pass attempts for 148 yards, three interceptions, and a touchdown.",
         "qualityLabels":[4, 4, 1, 1, 1, 1, 2, 1, 5, 1, 1, 1, 1, 1, 4, 1, 1, 1, 1],
         "targetLanguage":"DE-DE",
         "id":25,
         "mode":"QE1"
      },
	  {
         "keylog":"op: C word:  CDs time: 10||",
         "target":"1934 besuchte José Ortega y Gasset Husserl in Freiburg.",
         "sourceLanguage":"EN-US",
         "colorLabels":[1, 1, 1, 1, 1, 2, 1, 5, 1, 1],
         "segmentStatus":2,
         "mt":"1934 besuchte José Ortega y Gasset Husserl in Freiburg.",
         "source":"José Ortega y Gasset visited Husserl at Freiburg in 1934.",
         "qualityLabels":[1, 1, 1, 1, 1, 2, 1, 5, 1, 1],
         "targetLanguage":"DE-DE",
         "id":26,
         "mode":"QE1"
      },
	  {
         "keylog":"op: C word:  CDs time: 10||",
         "target":"Die Tonornamente beschränkten sich auf das Dach von Gebäuden, schmückten das Gesims, die Ecken und überragten den Giebel.",
         "sourceLanguage":"EN-US",
         "colorLabels":[1, 2, 2, 1, 1, 3, 1, 1, 1, 1, 1, 4, 1, 1, 1, 1, 1, 1, 1, 1, 1],
         "segmentStatus":2,
         "mt":"Die Tonornamente beschränkten sich auf das Dach von Gebäuden, schmückten das Gesims, die Ecken und überragten den Giebel.",
         "source":"The clay ornaments were limited to the roof of buildings, decorating the cornice, the corners and surmounting the pediment.",
         "qualityLabels":[1, 2, 2, 1, 1, 3, 1, 1, 1, 1, 1, 4, 1, 1, 1, 1, 1, 1, 1, 1, 1],
         "targetLanguage":"DE-DE",
         "id":27,
         "mode":"QE1"
      },
	  {
         "keylog":"op: C word:  CDs time: 10||",
         "target":"Oberst der Armee und Ehrenkammerin von Prinzessin Madame Marie Adélaïde von Frankreich.",
         "sourceLanguage":"EN-US",
         "colorLabels":[1, 1, 1, 1, 6, 2, 1, 1, 3, 3, 1, 1, 1],
         "segmentStatus":2,
         "mt":"Oberst der Armee und Ehrenkammerin von Prinzessin Madame Marie Adélaïde von Frankreich.",
         "source":"Colonel of the Army and Honorary Chamberlain of Princess Madame Marie Adélaïde of France.",
         "qualityLabels":[1, 1, 1, 1, 6, 2, 1, 1, 3, 3, 1, 1, 1],
         "targetLanguage":"DE-DE",
         "id":28,
         "mode":"QE1"
      },
	  {
         "keylog":"op: C word:  CDs time: 10||",
         "target":"Die Bande zieht eine Waffe aus der Tasche des Polizisten und Shoos Karthik.",
         "sourceLanguage":"EN-US",
         "colorLabels":[1, 1, 1, 2, 1, 2, 1, 1, 3, 3, 1, 6, 1, 1],
         "segmentStatus":2,
         "mt":"Die Bande zieht eine Waffe aus der Tasche des Polizisten und Shoos Karthik.",
         "source":"The gang pull a gun from the policeman's pocket and shoos Karthik.",
         "qualityLabels":[1, 1, 1, 2, 1, 2, 1, 1, 3, 3, 1, 6, 1, 1],
         "targetLanguage":"DE-DE",
         "id":29,
         "mode":"QE2"
      },
	  {
         "keylog":"op: C word:  CDs time: 10||",
         "target":"Dies vereitelte nicht nur die Ernennung der Infante, sondern zementierte die Feindschaft zwischen Luisa Carlotta und ihrer Schwester, der königlichen Regentin.",
         "sourceLanguage":"EN-US",
         "colorLabels":[1, 2, 2, 2, 1, 1, 6, 1, 3, 1, 6, 1, 1, 1, 1, 1, 1, 1, 1, 1, 1, 5, 1, 1],
         "segmentStatus":2,
         "mt":"Dies vereitelte nicht nur die Ernennung der Infante, sondern zementierte die Feindschaft zwischen Luisa Carlotta und ihrer Schwester, der königlichen Regentin.",
         "source":"This not only thwarted the Infante's appointment, but cemented the enmity between Luisa Carlotta and her sister, the Queen regent.",
         "qualityLabels":[1, 2, 2, 2, 1, 1, 6, 1, 3, 1, 6, 1, 1, 1, 1, 1, 1, 1, 1, 1, 1, 5, 1, 1],
         "targetLanguage":"DE-DE",
         "id":30,
         "mode":"QE2"
      },
	  {
         "keylog":"op: C word:  CDs time: 10||",
         "target":"Das erste Team bestand aus Shy, Prancer, Sinceer, Thing 1 & 2 und Myammee.",
         "sourceLanguage":"EN-US",
         "colorLabels":[1, 1, 2, 2, 3, 4, 3, 1, 3, 3, 1, 1, 1, 1, 1, 4, 1, 1],
         "segmentStatus":2,
         "mt":"Das erste Team bestand aus Shy, Prancer, Sinceer, Thing 1 & 2 und Myammee.",
         "source":"The first team consisted of Shy, Prancer, Sinceer, Thing 1 & 2, and Myammee.",
         "qualityLabels":[1, 1, 2, 2, 3, 4, 3, 1, 3, 3, 1, 1, 1, 1, 1, 4, 1, 1],
         "targetLanguage":"DE-DE",
         "id":31,
         "mode":"QE2"
      },
	  {
         "keylog":"op: C word:  CDs time: 10||",
         "target":"Ähnliche Deportationen fanden in anderen Ghettos statt, wobei viele Ghettos völlig geleert waren.",
         "sourceLanguage":"EN-US",
         "colorLabels":[1, 1, 4, 5, 1, 1, 4, 5, 1, 1, 1, 1, 6, 1, 1],
         "segmentStatus":2,
         "mt":"Ähnliche Deportationen fanden in anderen Ghettos statt, wobei viele Ghettos völlig geleert waren.",
         "source":"Similar deportations happened in other ghettos, with many ghettos totally emptied.",
         "qualityLabels":[1, 1, 4, 5, 1, 1, 4, 5, 1, 1, 1, 1, 6, 1, 1],
         "targetLanguage":"DE-DE",
         "id":32,
         "mode":"QE2"
      }
   ],
   "id":272,
   "projectname":"Project27-main"
}