{
   "projectid":131,
   "segments":[
      {
         "keylog":"op: C word:  CDs time: 10||",
         "target":"der Teil des regulären Ausdrucks innerhab der umgekehrten Schrägstrich definiert das Muster .",
         "sourceLanguage":"EN-US",
         "colorLabels":[
            3,
            1,
            6,
            3,
            4,
            1,
            2,
            3,
            6,
            3,
            3,
            5
         ],
         "segmentStatus":2,
         "mt":"der Teil des regulären Ausdrucks innerhalb der umgekehrten Schrägstrich definiert das Muster .",
         "source":"the part of the regular expression within the forward slashes defines the pattern .",
         "qualityLabels":[
            3,
            1,
            6,
            3,
            4,
            "NEUTRAL",
            2,
            3,
            6,
            3,
            3,
            5
         ],
         "targetLanguage":"DE-DE",
         "id":1,
         "mode":"QE3"
      },
      {
         "keylog":"",
         "target":"der aktuelle Status wird verworfen und der Status wird vorübergehend durch den vorherigen Status ersetzt .",
         "sourceLanguage":"EN-US",
         "colorLabels":[
            2,
            3,
            4,
            3,
            5,
            6,
            5,
            3,
            3,
            1,
            2,
            6,
            2,
            2,
            1
         ],
         "segmentStatus":2,
         "mt":"der aktuelle Status wird verworfen und der Status wird vorübergehend durch den vorherigen Status ersetzt .",
         "source":"discards the current state and temporarily replaces it with the previous state .",
         "qualityLabels":[
            2,
            3,
            4,
            3,
            5,
            "NEUTRAL",
            5,
            3,
            3,
            1,
            2,
            6,
            2,
            2,
            1
         ],
         "targetLanguage":"DE-DE",
         "id":2,
         "mode":"QE3"
      },
      {
         "target":"soll ein Übergangspunkt in einen Eckpunkt ohne Grifflinien umgewandelt werden , klicken Sie auf den Glättungspunkt ",
         "mt":"soll ein Übergangspunkt in einen Eckpunkt ohne Grifflinien umgewandelt werden , klicken Sie auf den Glättungspunkt ",
         "sourceLanguage":"EN-US",
         "segmentStatus":0,
         "source":"\"to convert a smooth point to a corner point without direction lines , click the smooth point .",
         "mode":"QE3",
         "colorLabels":[
            1,
            1,
            5,
            3,
            2,
            3,
            2,
            3,
            3,
            3,
            2,
            3,
            3,
            5,
            1
         ],
         "targetLanguage":"DE-DE",
         "id":3,
         "qualityLabels":[
            1,
            1,
            5,
            3,
            2,
            "NEUTRAL",
            2,
            3,
            3,
            3,
            2,
            3,
            3,
            5,
            1
         ]
      },
      {
         "keylog":"",
         "target":"geben Sie einzelne Farben und Farbgruppen an .",
         "sourceLanguage":"EN-US",
         "colorLabels":[
            1,
            1,
            3,
            2,
            3,
            3,
            6
         ],
         "segmentStatus":2,
         "mt":"geben Sie einzelne Farben und Farbgruppen an .",
         "source":"provide individual colors and color groups .",
         "qualityLabels":[
            1,
            1,
            3,
            2,
            3,
            3,
            6
         ],
         "targetLanguage":"DE-DE",
         "id":4,
         "mode":"QE2"
      },
      {
         "keylog":"op: C word:  CDs time: 10||",
         "target":"definiert das Ende der Zeichenklasse .",
         "sourceLanguage":"EN-US",
         "colorLabels":[
            2,
            2,
            5,
            1,
            1
         ],
         "segmentStatus":2,
         "mt":"definiert das Ende der Zeichenklasse .",
         "source":"defines the end of the character class .",
         "qualityLabels":[
            2,
            2,
            5,
            1,
            1
         ],
         "targetLanguage":"DE-DE",
         "id":5,
         "mode":"QE2"
      },
      {
         "keylog":"",
         "target":"beachten Sie , dass dieser Code alle 15 illisekunden aufgerufen wird .",
         "sourceLanguage":"EN-US",
         "colorLabels":[
            2,
            2,
            2,
            3,
            3,
            1,
            3,
            2,
            1,
            6
         ],
         "segmentStatus":2,
         "mt":"beachten Sie , dass dieser Code alle 15 illisekunden aufgerufen wird .",
         "source":"remember that this code is called repeatedly , every 15 milliseconds .",
         "qualityLabels":[
            2,
            2,
            2,
            3,
            3,
            1,
            3,
            2,
            1,
            6
         ],
         "targetLanguage":"DE-DE",
         "id":6,
         "mode":"QE2"
      },
      {
         "target":"anschließend wird in jeder Methode die übergeordnete Superclass-Version von selbst aufgerufen .",
         "mt":"anschließend wird in jeder Methode die übergeordnete Superclass-Version von selbst aufgerufen .",
         "sourceLanguage":"EN-US",
         "segmentStatus":2,
         "source":"\"subsequently , each method calls the superclass version of itself .",
         "mode":"QE1",
         "colorLabels":[
            3,
            1,
            1,
            1,
            5,
            2,
            2,
            4,
            5,
            2,
            2
         ],
         "targetLanguage":"DE-DE",
         "id":7,
         "qualityLabels":[
            3,
            1,
            1,
            1,
            5,
            2,
            2,
            4,
            5,
            2,
            2
         ]
      },
      {
         "keylog":"",
         "target":"prüfen Sie im Adobe-Farbwähler , ob die derzeit ausgewählte Farbe mit den Werten \" R , \" \" G \" und \" B \" identisch ist ( z. B. 128,128,128 ) .",
         "sourceLanguage":"EN-US",
         "colorLabels":[
            1,
            1,
            4,
            2,
            2,
            1,
            1,
            2,
            1,
            3,
            1,
            2,
            3,
            6,
            6,
            2,
            2,
            1,
            3,
            3,
            6,
            2,
            4,
            1,
            2,
            3,
            2
         ],
         "segmentStatus":2,
         "mt":"prüfen Sie im Adobe-Farbwähler , ob die derzeit ausgewählte Farbe mit den Werten \" R , \" \" G \" und \" B \" identisch ist ( z. B. 128,128,128 ) .",
         "source":"in the Adobe Color Picker , verify that the currently selected color has identical R , G , and B values ( for example , 128,128,128 ) .",
         "qualityLabels":[
            1,
            1,
            4,
            2,
            2,
            1,
            1,
            2,
            1,
            3,
            1,
            2,
            3,
            6,
            6,
            2,
            2,
            1,
            3,
            3,
            6,
            2,
            4,
            1,
            2,
            3,
            2,
            1,
            1,
            1,
            1,
            1,
            1,
            1,
            1,
            1,
            1,
            1,
            1
         ],
         "targetLanguage":"DE-DE",
         "id":8,
         "mode":"QE1"
      },
      {
         "keylog":"op: C word:  CDs time: 10||",
         "target":"klicken Sie in der Symbolleiste zur Textformatierung auf die Schaltfläche \" Einzug vergrößern \" oder \" Ausrücken . \"",
         "sourceLanguage":"EN-US",
         "colorLabels":[
            3,
            4,
            1,
            5,
            1,
            1,
            4,
            2,
            3,
            3,
            3,
            3,
            1,
            3,
            3,
            2,
            4,
            4
         ],
         "segmentStatus":0,
         "mt":"klicken Sie in der Symbolleiste zur Textformatierung auf die Schaltfläche \" Einzug vergrößern \" oder \" Ausrücken . \"",
         "source":"click the Indent or Outdent button in the text formatting toolbar .",
         "qualityLabels":[
            3,
            4,
            1,
            5,
            1,
            1,
            4,
            2,
            3,
            3,
            3,
            3,
            1,
            3,
            3,
            2,
            4,
            4
         ],
         "targetLanguage":"DE-DE",
         "id":9,
         "mode":"QE1"
      }],
   "id":131,
   "projectname":"Project13-trial"
}