{
   "projectid":103,
   "segments":[
      {
         "keylog":"op: C word:  CDs time: 10||",
         "target":"Wählen Sie \"Bild neu berechnen\", um beim Ändern der Bildgröße Pixel hinzuzufügen oder zu entfernen, damit das Bild ungefähr dieselbe Größe aufweist wie die andere Größe.",
         "sourceLanguage":"EN-US",
         "colorLabels":[6, 6, 5, 6, 6, 5, 4, 5, 5, 6, 6, 6, 6, 6, 6, 6, 6, 6, 5, 6, 6, 6, 6, 6, 6, 6, 5, 6, 6, 6, 1],
         "segmentStatus":2,
         "mt":"Wählen Sie \"Bild neu berechnen\", um beim Ändern der Bildgröße Pixel hinzuzufügen oder zu entfernen, damit das Bild ungefähr dieselbe Größe aufweist wie die andere Größe.",
         "source":"To add or remove pixels when resizing so the image retains approximately the same appearance at a different size, select Resample Image.",
         "qualityLabels":[6, 6, 5, 6, 6, 5, 4, 5, 5, 6, 6, 6, 6, 6, 6, 6, 6, 6, 5, 6, 6, 6, 6, 6, 6, 6, 5, 6, 6, 6, 1],
         "targetLanguage":"DE-DE",
         "id":1,
         "mode":"QE3"
      },
      {
         "keylog":"",
         "target":"Wenn Sie alle Aufgaben im aktuellen Dokument aktualisieren möchten, wählen Sie im Menü des Aufgabenbedienfelds die Option \"Alle Aufgaben aktualisieren\".",
         "sourceLanguage":"EN-US",
         "colorLabels":[6, 6, 5, 6, 6, 6, 6, 6, 6, 6, 6, 6, 6, 6, 6, 6, 6, 6, 4, 5, 6, 3, 1, 3],
         "segmentStatus":2,
         "mt":"Wenn Sie alle Aufgaben im aktuellen Dokument aktualisieren möchten, wählen Sie im Menü des Aufgabenbedienfelds die Option \"Alle Aufgaben aktualisieren\".",
         "source":"To update all assignments in the current document, choose Update All Assignments from the Assignments panel menu.",
         "qualityLabels":[6, 6, 5, 6, 6, 6, 6, 6, 6, 6, 6, 6, 6, 6, 6, 6, 6, 6, 4, 5, 6, 3, 1, 3],
         "targetLanguage":"DE-DE",
         "id":2,
         "mode":"QE2"
      },
      {
         "target":"Soll ein Übergangspunkt in einen Eckpunkt ohne Grifflinien umgewandelt werden, klicken Sie auf den Glättungspunkt.",
         "mt":"Soll ein Übergangspunkt in einen Eckpunkt ohne Grifflinien umgewandelt werden, klicken Sie auf den Glättungspunkt.",
         "sourceLanguage":"EN-US",
         "segmentStatus":2,
         "source":"To convert a smooth point to a corner point without direction lines, click the smooth point.",
         "mode":"QE1",
         "colorLabels":[
            1,
            1,
            2,
            1,
            1,
            1,
            1,
            2,
            1,
            1,
            1,
            1,
            1,
            1,
            1,
            3,
            1,
            1,
            1,
            1,
            1,
            1,
            1,
            2
         ],
         "targetLanguage":"DE-DE",
         "id":3,
         "qualityLabels":[
            1,
            1,
            2,
            1,
            1,
            1,
            1,
            2,
            1,
            1,
            1,
            1,
            1,
            1,
            1,
            3,
            1,
            1,
            1,
            1,
            1,
            1,
            1,
            2
         ]
      },
      {
         "keylog":"",
         "target":"Anschließend wird in jeder Methode die übergeordnete Superclass-Version von selbst aufgerufen.",
         "sourceLanguage":"EN-US",
         "colorLabels":[6, 6, 6, 6, 6, 5, 6, 6, 6, 6, 6, 4, 3, 1],
         "segmentStatus":2,
         "mt":"Anschließend wird in jeder Methode die übergeordnete Superclass-Version von selbst aufgerufen.",
         "source":"Subsequently, each method calls the superclass version of itself.",
         "qualityLabels":[6, 6, 6, 6, 6, 5, 6, 6, 6, 6, 6, 4, 3, 1],
         "targetLanguage":"DE-DE",
         "id":4,
         "mode":"QE3"
      },
      {
         "keylog":"op: C word:  CDs time: 10||",
         "target":"Prüfen Sie im Adobe-Farbwähler, ob die derzeit ausgewählte Farbe mit den Werten \"R\", \"G\" und \"B\" identisch ist ( z. B. 128,128,128 ).",
         "sourceLanguage":"EN-US",
         "colorLabels":[6, 6, 6, 6, 6, 6, 1, 2, 1, 2, 6, 6, 5, 5, 6, 2, 1, 1, 1, 1, 1, 1, 1, 1, 1, 1, 1, 1, 1, 2, 2, 5, 5, 5, 5, 5, 5, 5, 1, 1],
         "segmentStatus":2,
         "mt":"Prüfen Sie im Adobe-Farbwähler, ob die derzeit ausgewählte Farbe mit den Werten \"R\", \"G\" und \"B\" identisch ist (z.B. 128,128,128).",
         "source":"In the Adobe Color Picker, verify that the currently selected color has identical R, G, and B values (for example, 128,128,128).",
         "qualityLabels":[6, 6, 6, 6, 6, 6, 1, 2, 1, 2, 6, 6, 5, 5, 6, 2, 1, 1, 1, 1, 1, 1, 1, 1, 1, 1, 1, 1, 1, 2, 2, 5, 5, 5, 5, 5, 5, 5, 1, 1],
         "targetLanguage":"DE-DE",
         "id":5,
         "mode":"QE2"
      },
      {
         "keylog":"",
         "target":"Klicken Sie in der Symbolleiste zur Textformatierung auf die Schaltfläche \"Einzug vergrößern\" oder \"Ausrücken.\"",
         "sourceLanguage":"EN-US",
         "colorLabels":[1, 2, 5, 3, 6, 6, 6, 5, 5, 6, 4, 6, 6, 1, 1, 1, 4, 1, 1],
         "segmentStatus":2,
         "mt":"Klicken Sie in der Symbolleiste zur Textformatierung auf die Schaltfläche \"Einzug vergrößern\" oder \"Ausrücken.\"",
         "source":"Click the Indent or Outdent button in the text formatting toolbar.",
         "qualityLabels":[1, 2, 5, 3, 6, 6, 6, 5, 5, 6, 4, 6, 6, 1, 1, 1, 4, 1, 1],
         "targetLanguage":"DE-DE",
         "id":6,
         "mode":"QE1"
      },
      {
         "target":"Beachten Sie, dass args [1] die in den regulären Ausdruck \"usdPreis\" angegebene, in Klammern eingeschlossene Gruppe darstellt.",
         "mt":"Beachten Sie, dass args [1] die in den regulären Ausdruck \"usdPreis\" angegebene, in Klammern eingeschlossene Gruppe darstellt.",
         "sourceLanguage":"EN-US",
         "segmentStatus":2,
         "source":"Note that args [1] represents the captured parenthetical group matched by the usdPrice regular expression.",
         "mode":"QE3",
         "colorLabels":[1, 3, 1, 1, 1, 1, 1, 1, 3, 6, 6, 6, 6, 5, 6, 5, 6, 6, 6, 6, 6, 6, 6, 1],
         "targetLanguage":"DE-DE",
         "id":7,
         "qualityLabels":[1, 3, 1, 1, 1, 1, 1, 1, 3, 6, 6, 6, 6, 5, 6, 5, 6, 6, 6, 6, 6, 6, 6, 1]
      },
      {
         "keylog":"",
         "target":"Wählen Sie eine Füllmethode, wenn Sie eine Auswahl zum Verschieben von Bildinhalt verwenden möchten.",
         "sourceLanguage":"EN-US",
         "colorLabels":[6, 6, 6, 6, 3, 4, 6, 6, 6, 5, 5, 6, 6, 6, 6, 1],
         "segmentStatus":2,
         "mt":"Wählen Sie eine Füllmethode, wenn Sie eine Auswahl zum Verschieben von Bildinhalt verwenden möchten.",
         "source":"Choose a blending mode if you plan to use a selection to move image content.",
         "qualityLabels":[6, 6, 6, 6, 3, 4, 6, 6, 6, 5, 5, 6, 6, 6, 6, 1],
         "targetLanguage":"DE-DE",
         "id":8,
         "mode":"QE2"
      },
      {
         "keylog":"op: C word:  CDs time: 10||",
         "target":"Weitere Informationen zum Ausfüllen des Dialogfelds finden Sie unter Erstellen von Text und Bild-Hyperlinks.",
         "sourceLanguage":"EN-US",
         "colorLabels":[3, 6, 5, 6, 5, 6, 1, 1, 1, 1, 1, 6, 6, 1, 4, 4, 4, 1],
         "segmentStatus":2,
         "mt":"Weitere Informationen zum Ausfüllen des Dialogfelds finden Sie unter Erstellen von Text und Bild-Hyperlinks.",
         "source":"For more information on completing the dialog box, see Create text and image links.",
         "qualityLabels":[3, 6, 5, 6, 5, 6, 1, 1, 1, 1, 1, 6, 6, 1, 4, 4, 4, 1],
         "targetLanguage":"DE-DE",
         "id":9,
         "mode":"QE1"
      }
   ],
   "id":103,
   "projectname":"Project103"
}