{"id":101,"projectid":101,"projectname":"Project101","segments":[{"source":"HBO is now home to 'House of the Dragon.'","target":"HBO ist nun zu Hause 'Haus des Drachen'.","mt":"HBO ist nun zu Hause 'Haus des Drachen'.","sourceLanguage":"EN-US","targetLanguage":"DE-DE","segmentStatus":1,"id":1},{"source":"The cable network announced Tuesday it has ordered a 'Game of Thrones' prequel from George R.R. Martin and Ryan Condal based on Martin's 'Fire & Blood' series.","target":"Das Kabelnetz gab am Dienstag bekannt, dass es ein 'Game of Thrones' Prequel von George R.R. Martin und Ryan Condal auf der Grundlage von Martin's 'Fire & Blood' Serie bestellt hat.","mt":"Das Kabelnetz gab am Dienstag bekannt, dass es ein 'Game of Thrones' Prequel von George R.R. Martin und Ryan Condal auf der Grundlage von Martin's 'Fire & Blood' Serie bestellt hat.","sourceLanguage":"EN-US","targetLanguage":"DE-DE","segmentStatus":1,"id":2},{"source":"The show is set 300 years before the events of 'Game of Thrones' and tells the story of the House of Targaryen, according to HBO.","target":"Die Show wird 300 Jahre vor den Ereignissen von 'Game of Thrones' gesetzt und erzählt die Geschichte des Hauses Targaryen, so HBO.","mt":"Die Show wird 300 Jahre vor den Ereignissen von 'Game of Thrones' gesetzt und erzählt die Geschichte des Hauses Targaryen, so HBO.","sourceLanguage":"EN-US","targetLanguage":"DE-DE","segmentStatus":1,"id":3},{"source":"Daenerys Targaryen, played by Emilia Clarke, was a major character in the mothership series, which ended earlier this year.","target":"Daenerys Targaryen, gespielt von Emilia Clarke, war ein Großcharakter in der Motherschiffserie, die Anfang dieses Jahres zu Ende ging.","mt":"Daenerys Targaryen, gespielt von Emilia Clarke, war ein Großcharakter in der Motherschiffserie, die Anfang dieses Jahres zu Ende ging.","sourceLanguage":"EN-US","targetLanguage":"DE-DE","segmentStatus":1,"id":4},{"source":"Condal will partner with Miguel Sapochnik and share showrunner duties on the new series.","target":"Condal wird Partner von Miguel Sapochnik sein und Showrunner Aufgaben an der neuen Serie teilen.","mt":"Condal wird Partner von Miguel Sapochnik sein und Showrunner Aufgaben an der neuen Serie teilen.","sourceLanguage":"EN-US","targetLanguage":"DE-DE","segmentStatus":1,"id":5},{"source":"The three will serve as executive producers alongside Vince Gerardis ('Game of Thrones', 'Flashforward').","target":"Die drei werden als ausführende Produzenten neben Vince Gerardis ('Game of Thrones', 'Flashforward') dienen.","mt":"Die drei werden als ausführende Produzenten neben Vince Gerardis ('Game of Thrones', 'Flashforward') dienen.","sourceLanguage":"EN-US","targetLanguage":"DE-DE","segmentStatus":1,"id":6},{"source":"Sapochnik, who has an overall deal at HBO and directed several episodes of 'Game of Thrones,' will direct the pilot.","target":"Sapochnik, der einen Gesamtdeal bei HBO hat und mehrere Episoden von 'Game of Thrones' leitete, wird den Piloten lenken.","mt":"Sapochnik, der einen Gesamtdeal bei HBO hat und mehrere Episoden von 'Game of Thrones' leitete, wird den Piloten lenken.","sourceLanguage":"EN-US","targetLanguage":"DE-DE","segmentStatus":1,"id":7},{"source":"'The Game of Thrones universe is so rich with stories', said Casey Bloys, president of HBO programming. 'We look forward to exploring the origins of House Targaryen and the earlier days of Westeros along with Miguel, Ryan and George'.","target":"'Das Game of Thrones Universum ist so reich an Geschichten', sagte Casey Bloys, Präsident von HBO Programmierung. 'Wir freuen uns darauf, die Ursprünge von House Targaryen und die früheren Tage von Westeros zusammen mit Miguel, Ryan und George zu erkunden'.","mt":"'Das Game of Thrones Universum ist so reich an Geschichten', sagte Casey Bloys, Präsident von HBO Programmierung. 'Wir freuen uns darauf, die Ursprünge von House Targaryen und die früheren Tage von Westeros zusammen mit Miguel, Ryan und George zu erkunden'.","sourceLanguage":"EN-US","targetLanguage":"DE-DE","segmentStatus":1,"id":8},{"source":"This series is different from the other prequel that had been in the works at HBO with Naomi Watts set to star.","target":"Diese Serie unterscheidet sich von dem anderen Prequel, das in den Arbeiten bei HBO mit Naomi Watts auf den Stern gesetzt war.","mt":"Diese Serie unterscheidet sich von dem anderen Prequel, das in den Arbeiten bei HBO mit Naomi Watts auf den Stern gesetzt war.","sourceLanguage":"EN-US","targetLanguage":"DE-DE","segmentStatus":1,"id":9},{"source":"HBO reportedly passed on that project.","target":"HBO ist Berichten zufolge an diesem Projekt vorbeigegangen.","mt":"HBO ist Berichten zufolge an diesem Projekt vorbeigegangen.","sourceLanguage":"EN-US","targetLanguage":"DE-DE","segmentStatus":1,"id":10},{"source":"The project will mark HBO's first official follow-up to 'Game of Thrones', which won best drama series at the Emmys back in September.","target":"Das Projekt wird die erste offizielle Folgeaktion von HBO zu 'Game of Thrones' markieren, die die beste Drama Serie bei den Emmys im September gewann.","mt":"Das Projekt wird die erste offizielle Folgeaktion von HBO zu 'Game of Thrones' markieren, die die beste Drama Serie bei den Emmys im September gewann.","sourceLanguage":"EN-US","targetLanguage":"DE-DE","segmentStatus":1,"id":11},{"source":"Condal is best known as the co-creator and showrunner of USA Network's 'Colony'. ","target":"Condal ist am besten bekannt als Co-Schöpfer und Showrunner der 'Colony' von USA Network. ","mt":"Condal ist am besten bekannt als Co-Schöpfer und Showrunner der 'Colony' von USA Network. ","sourceLanguage":"EN-US","targetLanguage":"DE-DE","segmentStatus":1,"id":12}]}