{"id":102,"projectid":102,"projectname":"Project102","segments":[{"source":"As befits a show about the Temptations, the most infectiously rhythmic of chart-topping R&B groups, \"Ain't Too Proud\" keeps time in style.","target":"Wie eine Show über die Temptations, die ansteckendste Rhythmik von chart-toppenden R&B-Gruppen, hält \"Ain't Too Proud\" Zeit im Stil.","mt":"Wie eine Show über die Temptations, die ansteckendste Rhythmik von chart-toppenden R&B-Gruppen, hält \"Ain't Too Proud\" Zeit im Stil.","sourceLanguage":"EN-US","targetLanguage":"DE-DE","segmentStatus":1,"id":1},{"source":"I don't mean that solely in terms of a beat that makes you feel like dancing.","target":"Ich meine nicht, dass allein in Bezug auf einen Beat, der Ihnen das Gefühl gibt, zu tanzen.","mt":"Ich meine nicht, dass allein in Bezug auf einen Beat, der Ihnen das Gefühl gibt, zu tanzen.","sourceLanguage":"EN-US","targetLanguage":"DE-DE","segmentStatus":1,"id":2},{"source":"Of course, as you watch this latest entry in Broadway's ever-expanding jukebox musical sweepstakes, you will no doubt find your legs twitching, as if from muscle memory.","target":"Natürlich, wenn Sie sich diesen neuesten Eintrag in Broadway's ständig wachsenden Jukebox musikalischen Gewinnspielen anschauen, werden Sie zweifellos Ihre Beine twitching finden, als ob aus dem Muskelgedächtnis.","mt":"Natürlich, wenn Sie sich diesen neuesten Eintrag in Broadway's ständig wachsenden Jukebox musikalischen Gewinnspielen anschauen, werden Sie zweifellos Ihre Beine twitching finden, als ob aus dem Muskelgedächtnis.","sourceLanguage":"EN-US","targetLanguage":"DE-DE","segmentStatus":1,"id":3},{"source":"That's the urge being translated with such sublime grace by those five natty men on the stage, Platonic ideals of stepping high and looking fine.","target":"Das ist der Drang, mit solch erhabener Gnade von jenen fünf natty men auf der Bühne übersetzt zu werden, platonische Ideale des Schrittes hoch und schauend fein.","mt":"Das ist der Drang, mit solch erhabener Gnade von jenen fünf natty men auf der Bühne übersetzt zu werden, platonische Ideale des Schrittes hoch und schauend fein.","sourceLanguage":"EN-US","targetLanguage":"DE-DE","segmentStatus":1,"id":4},{"source":"But it is also true that time, unforgiving and unstoppable, is cannily presented as the shaping element in \"Ain't Too Proud:","target":"Aber es ist auch wahr, dass Zeit, unverzeihlich und unaufhaltsam, ist kantig präsentiert als das formgebende Element in \"Ain't Too Proud:","mt":"Aber es ist auch wahr, dass Zeit, unverzeihlich und unaufhaltsam, ist kantig präsentiert als das formgebende Element in \"Ain't Too Proud:","sourceLanguage":"EN-US","targetLanguage":"DE-DE","segmentStatus":1,"id":5},{"source":"The Life and Times of the Temptations,\" which opened on Thursday under the shrewd direction of Des McAnuff, with sensational choreography by Sergio Trujillo.","target":"The Life and Times of the Temptations\", das am Donnerstag unter der klugen Leitung von Des McAnuff eröffnet, mit sensationellen Choreographie von Sergio Trujillo.","mt":"The Life and Times of the Temptations\", das am Donnerstag unter der klugen Leitung von Des McAnuff eröffnet, mit sensationellen Choreographie von Sergio Trujillo.","sourceLanguage":"EN-US","targetLanguage":"DE-DE","segmentStatus":1,"id":6},{"source":"As the show charts the changing fortunes of men who became synonymous with Motown's glory days, the years keep moving forward with the relentlessness of a conveyor belt in an auto-making assembly line.","target":"Während die Schaubilder die sich verändernden Geschicke der Männer, die zum Synonym für die Herrlichkeit von Motown wurden, aufführen, bewegen sich die Jahre mit der Unerbittlichkeit eines Transportbandes in einer Autoherstellungs-Linie voran.","mt":"Während die Schaubilder die sich verändernden Geschicke der Männer, die zum Synonym für die Herrlichkeit von Motown wurden, aufführen, bewegen sich die Jahre mit der Unerbittlichkeit eines Transportbandes in einer Autoherstellungs-Linie voran.","sourceLanguage":"EN-US","targetLanguage":"DE-DE","segmentStatus":1,"id":7},{"source":"It's enough to wear a strong man down.","target":"Es reicht aus, einen starken Mann zu tragen.","mt":"Es reicht aus, einen starken Mann zu tragen.","sourceLanguage":"EN-US","targetLanguage":"DE-DE","segmentStatus":1,"id":8},{"source":"And more than any of the (oh so many) pop-songbook shows that have befallen Broadway since the Abba-spouting behemoth \"Mamma Mia!\" opened in 2001, \"Ain't Too Proud\" is a story of attrition.","target":"Und mehr als jedes der (ach so vielen) Pop Songbook-Shows, die sich seit dem 2001 eröffneten Abba-Spouting-Giganten \"Mamma Mia!\" am Broadway befallen lassen, ist \"Ain't Too Proud\" eine Geschichte der Attrition.","mt":"Und mehr als jedes der (ach so vielen) Pop Songbook-Shows, die sich seit dem 2001 eröffneten Abba-Spouting-Giganten \"Mamma Mia!\" am Broadway befallen lassen, ist \"Ain't Too Proud\" eine Geschichte der Attrition.","sourceLanguage":"EN-US","targetLanguage":"DE-DE","segmentStatus":1,"id":9},{"source":"We watch as the core lineup of the original Temptations is whittled down to the last man standing.","target":"Wir beobachten, wie die Kernaufstellung der ursprünglichen Versuchungen auf den letzten stehenden Mann hinuntergeweisst wird.","mt":"Wir beobachten, wie die Kernaufstellung der ursprünglichen Versuchungen auf den letzten stehenden Mann hinuntergeweisst wird.","sourceLanguage":"EN-US","targetLanguage":"DE-DE","segmentStatus":1,"id":10},{"source":"That's the group's leader and show's narrator, Otis Williams, played with anchoring gravity by Derrick Baskin.","target":"Das ist der Fraktionsvorsitzende und Erzähler der Gruppe, Otis Williams, gespielt mit der Ankergravitation von Derrick Baskin.","mt":"Das ist der Fraktionsvorsitzende und Erzähler der Gruppe, Otis Williams, gespielt mit der Ankergravitation von Derrick Baskin.","sourceLanguage":"EN-US","targetLanguage":"DE-DE","segmentStatus":1,"id":11},{"source":"Ultimately, though, it's the music that's the sole survivor.","target":"Letztendlich ist es aber die Musik, die der einzige Überlebende ist.","mt":"Letztendlich ist es aber die Musik, die der einzige Überlebende ist.","sourceLanguage":"EN-US","targetLanguage":"DE-DE","segmentStatus":1,"id":12},{"source":"And that's what's being celebrated here - the collective miracle of a blissfully silken sound forged out of clashing egos, many misfires and life-wrecking hard work into numbers that keep playing in our memories.","target":"Und das ist das, was hier gefeiert wird - das kollektive Wunder eines selig versilberten Klangs, der aus verkrampften Egos geschmiedet wird, viele Fehlzündungen und lebensweckende harte Arbeit in Zahlen, die immer wieder in unseren Erinnerungen spielen.","mt":"Und das ist das, was hier gefeiert wird - das kollektive Wunder eines selig versilberten Klangs, der aus verkrampften Egos geschmiedet wird, viele Fehlzündungen und lebensweckende harte Arbeit in Zahlen, die immer wieder in unseren Erinnerungen spielen.","sourceLanguage":"EN-US","targetLanguage":"DE-DE","segmentStatus":1,"id":13},{"source":"While honoring all the expected biomusical clichés, which include rolling out its subjects' greatest hits in brisk and sometimes too fragmented succession, this production refreshingly emphasizes the improbable triumph of rough, combustible parts assembled into glistening smoothness.","target":"Während diese Produktion all die erwarteten biomusikalen Klischees, zu denen auch die größten Hits in der brisanten und manchmal zu zersplitterten Sukzession gehören, honoriert, betont diese Inszenierung erfrischend den unwahrscheinlichen Triumph der rauen, brennbaren Teile, die zu glitzerender Glätte zusammengefügt werden.","mt":"Während diese Produktion all die erwarteten biomusikalen Klischees, zu denen auch die größten Hits in der brisanten und manchmal zu zersplitterten Sukzession gehören, honoriert, betont diese Inszenierung erfrischend den unwahrscheinlichen Triumph der rauen, brennbaren Teile, die zu glitzerender Glätte zusammengefügt werden.","sourceLanguage":"EN-US","targetLanguage":"DE-DE","segmentStatus":1,"id":14},{"source":"Dominique Morisseau, who wrote the show's book, is the gifted author of a cycle of smart, tough-minded plays based in her native Detroit, where much of \"Ain't Too Proud\" is also set.","target":"Dominique Morisseau, die das Buch der Show geschrieben hat, ist die begnadete Autorin eines Zyklus von klugen, zähen Stücken, die in ihrem gebürtigen Detroit ihren Sitz haben, wo auch viel von \"Ain't Too Proud\" gesetzt wird.","mt":"Dominique Morisseau, die das Buch der Show geschrieben hat, ist die begnadete Autorin eines Zyklus von klugen, zähen Stücken, die in ihrem gebürtigen Detroit ihren Sitz haben, wo auch viel von \"Ain't Too Proud\" gesetzt wird.","sourceLanguage":"EN-US","targetLanguage":"DE-DE","segmentStatus":1,"id":15},{"source":"Her script, adapted from Otis Williams's 1988 memoir, reminds us that the Detroit-based Motown Records - the crossover label run by Berry Gordy (Jahi Kearse) that revolutionized pop music - was indeed a factory of sorts, one that rigorously processed and refined raw talent for mass consumption.","target":"Ihr Drehbuch, adaptiert von Otis Williams memoir von 1988, erinnert uns daran, dass die Detroit-basierten Motown Records-das Crossover-Label von Berry Gordy (Jahi Kearse), das die Popmusik revolutionierte - in der Tat eine Art Fabrik war, eine, die rigoros verarbeitete und raffinierte Rohtalente für den Massenkonsum aufarbeitete.","mt":"Ihr Drehbuch, adaptiert von Otis Williams memoir von 1988, erinnert uns daran, dass die Detroit-basierten Motown Records-das Crossover-Label von Berry Gordy (Jahi Kearse), das die Popmusik revolutionierte - in der Tat eine Art Fabrik war, eine, die rigoros verarbeitete und raffinierte Rohtalente für den Massenkonsum aufarbeitete.","sourceLanguage":"EN-US","targetLanguage":"DE-DE","segmentStatus":1,"id":16},{"source":"This means that unlike such current fare as \"Beautiful\" (about Carole King), and \"The Cher Show\", \"Ain't Too Proud\" isn't focused on a single star, with the attendant by-the-numbers psychology.","target":"Das bedeutet, dass im Gegensatz zu solchen aktuellen Tarifen wie \"Beautiful\" (über Carole King) und \"The Cher Show\", \"Ain't Too Proud\" nicht auf einen einzelnen Stern fokussiert ist, mit der damit verbundenen Nebenthe-Zahlenpsychologie.","mt":"Das bedeutet, dass im Gegensatz zu solchen aktuellen Tarifen wie \"Beautiful\" (über Carole King) und \"The Cher Show\", \"Ain't Too Proud\" nicht auf einen einzelnen Stern fokussiert ist, mit der damit verbundenen Nebenthe-Zahlenpsychologie.","sourceLanguage":"EN-US","targetLanguage":"DE-DE","segmentStatus":1,"id":17},{"source":"Instead, we have a study in group dynamics, in which the balance shifts in ways big and small, as the component parts keep changing.","target":"Stattdessen haben wir eine Studie in Gruppendynamik, in der sich die Balance auf große und kleine Weise verschiebt, da sich die Bauteile ständig verändern.","mt":"Stattdessen haben wir eine Studie in Gruppendynamik, in der sich die Balance auf große und kleine Weise verschiebt, da sich die Bauteile ständig verändern.","sourceLanguage":"EN-US","targetLanguage":"DE-DE","segmentStatus":1,"id":18}]}