{"id":103,"projectid":103,"projectname":"Project103","segments":[{"source":"From 1872, Dr. Bernhard von Gudden led the institution – the psychiatrist who is associated with the death of King Ludwig II.","target":"Ab 1872 leitete Dr. Bernhard von Gudden die Einrichtung - Psychiater jener, der in Zusammenhang mit dem Tod von König Ludwigs II. gebracht wird.","mt":"Ab 1872 leitete Dr. Bernhard von Gudden die Einrichtung - Psychiater jener, der in Zusammenhang mit dem Tod von König Ludwigs II. gebracht wird.","sourceLanguage":"EN-US","targetLanguage":"DE-DE","segmentStatus":1,"studyOperation":"REORDER_SINGLE","studyTrial":true,"studyCorrection":"Ab 1872 leitete Dr. Bernhard von Gudden die Einrichtung - <span class=\"correct\">jener</span> Psychiater <span class=\"wrong\">jener</span>, der in Zusammenhang mit dem Tod von König Ludwigs II. gebracht wird.","studyModality":"Mid-air Gestures & keyboard","id":1},{"source":"From 1872, Dr. Bernhard von Gudden led the institution – the psychiatrist who is associated with the death of King Ludwig II.","target":"Ab 1872 leitete Dr. Bernhard von Gudden die Einrichtung - Psychiater jener, der in Zusammenhang mit dem Tod von König Ludwigs II. gebracht wird.","mt":"Ab 1872 leitete Dr. Bernhard von Gudden die Einrichtung - Psychiater jener, der in Zusammenhang mit dem Tod von König Ludwigs II. gebracht wird.","sourceLanguage":"EN-US","targetLanguage":"DE-DE","segmentStatus":1,"studyOperation":"REORDER_SINGLE","studyTrial":true,"studyCorrection":"Ab 1872 leitete Dr. Bernhard von Gudden die Einrichtung - <span class=\"correct\">jener</span> Psychiater <span class=\"wrong\">jener</span>, der in Zusammenhang mit dem Tod von König Ludwigs II. gebracht wird.","studyModality":"Mouse & Keyboard","id":2},{"source":"Marienplatz was recorded as the \"main square\" in around 1856, and Kaufingerstraße was called \"Kaufinger Gasse\".","target":"Der Marienplatz war um 1856 als \"Haupt Platz\" verzeichnet, hieß die Kaufingerstraße \"Kaufinger Gasse\".","mt":"Der Marienplatz war um 1856 als \"Haupt Platz\" verzeichnet, hieß die Kaufingerstraße \"Kaufinger Gasse\".","sourceLanguage":"EN-US","targetLanguage":"DE-DE","segmentStatus":1,"studyOperation":"REORDER_SINGLE","studyTrial":false,"studyCorrection":"Der Marienplatz war um 1856 als \"Haupt Platz\" verzeichnet, <span class=\"wrong\">hieß</span> die Kaufingerstraße <span class=\"correct\">hieß</span> \"Kaufinger Gasse\".","studyModality":"Mouse & Keyboard","id":3},{"source":"Marienplatz was recorded as the \"main square\" in around 1856, and Kaufingerstraße was called \"Kaufinger Gasse\".","target":"Der Marienplatz war um 1856 als \"Haupt Platz\" verzeichnet, hieß die Kaufingerstraße \"Kaufinger Gasse\".","mt":"Der Marienplatz war um 1856 als \"Haupt Platz\" verzeichnet, hieß die Kaufingerstraße \"Kaufinger Gasse\".","sourceLanguage":"EN-US","targetLanguage":"DE-DE","segmentStatus":1,"studyOperation":"REORDER_SINGLE","studyTrial":false,"studyCorrection":"Der Marienplatz war um 1856 als \"Haupt Platz\" verzeichnet, <span class=\"wrong\">hieß</span> die Kaufingerstraße <span class=\"correct\">hieß</span> \"Kaufinger Gasse\".","studyModality":"Mid-air Gestures & keyboard","id":4},{"source":"Originally there was place for 280 patients; later this was expanded to 500 places.","target":"Für 280 Patienten war  Platz gewesen zunächst, später wurde auf 500 Plätze erweitert.","mt":"Für 280 Patienten war  Platz gewesen zunächst, später wurde auf 500 Plätze erweitert.","sourceLanguage":"EN-US","targetLanguage":"DE-DE","segmentStatus":1,"studyOperation":"REORDER_SINGLE","studyTrial":false,"studyCorrection":"Für 280 Patienten war <span class=\"correct\">zunächst</span> Platz gewesen <span class=\"wrong\">zunächst</span>, später wurde auf 500 Plätze erweitert.","studyModality":"Mouse & Keyboard","id":5},{"source":"Originally there was place for 280 patients; later this was expanded to 500 places.","target":"Für 280 Patienten war  Platz gewesen zunächst, später wurde auf 500 Plätze erweitert.","mt":"Für 280 Patienten war  Platz gewesen zunächst, später wurde auf 500 Plätze erweitert.","sourceLanguage":"EN-US","targetLanguage":"DE-DE","segmentStatus":1,"studyOperation":"REORDER_SINGLE","studyTrial":false,"studyCorrection":"Für 280 Patienten war <span class=\"correct\">zunächst</span> Platz gewesen <span class=\"wrong\">zunächst</span>, später wurde auf 500 Plätze erweitert.","studyModality":"Mid-air Gestures & keyboard","id":6},{"source":"The digital BayernAtlas is a patchwork quilt that one doesn't quite recognise for what it is at first.","target":"Der digitale Bayern-Atlas ist ein Flickenteppich, den man gleich erkennt als solchen nicht.","mt":"Der digitale Bayern-Atlas ist ein Flickenteppich, den man gleich erkennt als solchen nicht.","sourceLanguage":"EN-US","targetLanguage":"DE-DE","segmentStatus":1,"studyOperation":"REORDER_GROUP","studyTrial":true,"studyCorrection":"Der digitale Bayern-Atlas ist ein Flickenteppich, den man <span class=\"wrong\">gleich erkennt</span> als solchen nicht <span class=\"correct\">gleich erkennt</span>.","studyModality":"Mid-air Gestures & keyboard","id":7},{"source":"The digital BayernAtlas is a patchwork quilt that one doesn't quite recognise for what it is at first.","target":"Der digitale Bayern-Atlas ist ein Flickenteppich, den man gleich erkennt als solchen nicht.","mt":"Der digitale Bayern-Atlas ist ein Flickenteppich, den man gleich erkennt als solchen nicht.","sourceLanguage":"EN-US","targetLanguage":"DE-DE","segmentStatus":1,"studyOperation":"REORDER_GROUP","studyTrial":true,"studyCorrection":"Der digitale Bayern-Atlas ist ein Flickenteppich, den man <span class=\"wrong\">gleich erkennt</span> als solchen nicht <span class=\"correct\">gleich erkennt</span>.","studyModality":"Mouse & Keyboard","id":8},{"source":"People need to be ready, whether it's bringing bail money with them, or letting relatives know they are traveling through the state.","target":"Die Leute müssen bereit sein, ob es Kautionsgeld die Verwandten mitbringen oder wissen lassen, dass sie durch den Staat reisen.","mt":"Die Leute müssen bereit sein, ob es Kautionsgeld die Verwandten mitbringen oder wissen lassen, dass sie durch den Staat reisen.","sourceLanguage":"EN-US","targetLanguage":"DE-DE","segmentStatus":1,"studyOperation":"REORDER_GROUP","studyTrial":false,"studyCorrection":"Die Leute müssen bereit sein, ob es Kautionsgeld <span class=\"wrong\">die Verwandten</span> mitbringen oder <span class=\"correct\">die Verwandten</span> wissen lassen, dass sie durch den Staat reisen.","studyModality":"Mid-air Gestures & keyboard","id":9},{"source":"People need to be ready, whether it's bringing bail money with them, or letting relatives know they are traveling through the state.","target":"Die Leute müssen bereit sein, ob es Kautionsgeld die Verwandten mitbringen oder wissen lassen, dass sie durch den Staat reisen.","mt":"Die Leute müssen bereit sein, ob es Kautionsgeld die Verwandten mitbringen oder wissen lassen, dass sie durch den Staat reisen.","sourceLanguage":"EN-US","targetLanguage":"DE-DE","segmentStatus":1,"studyOperation":"REORDER_GROUP","studyTrial":false,"studyCorrection":"Die Leute müssen bereit sein, ob es Kautionsgeld <span class=\"wrong\">die Verwandten</span> mitbringen oder <span class=\"correct\">die Verwandten</span> wissen lassen, dass sie durch den Staat reisen.","studyModality":"Mouse & Keyboard","id":10},{"source":"According to information from the Bavarian Surveying and Mapping Authority, these came into being between 1810 and 1864 and arise out of the first survey of Bavaria.","target":"Diese entstanden der Bayerischen Vermessungsverwaltung nach Angaben zwischen 1810 und 1864 und entspringen der ersten Vermessung Bayerns.","mt":"Diese entstanden der Bayerischen Vermessungsverwaltung nach Angaben zwischen 1810 und 1864 und entspringen der ersten Vermessung Bayerns.","sourceLanguage":"EN-US","targetLanguage":"DE-DE","segmentStatus":1,"studyOperation":"REORDER_GROUP","studyTrial":false,"studyCorrection":"Diese entstanden <span class=\"correct\">nach Angaben</span> der Bayerischen Vermessungsverwaltung <span class=\"wrong\">nach Angaben</span> zwischen 1810 und 1864 und entspringen der ersten Vermessung Bayerns.","studyModality":"Mid-air Gestures & keyboard","id":11},{"source":"According to information from the Bavarian Surveying and Mapping Authority, these came into being between 1810 and 1864 and arise out of the first survey of Bavaria.","target":"Diese entstanden der Bayerischen Vermessungsverwaltung nach Angaben zwischen 1810 und 1864 und entspringen der ersten Vermessung Bayerns.","mt":"Diese entstanden der Bayerischen Vermessungsverwaltung nach Angaben zwischen 1810 und 1864 und entspringen der ersten Vermessung Bayerns.","sourceLanguage":"EN-US","targetLanguage":"DE-DE","segmentStatus":1,"studyOperation":"REORDER_GROUP","studyTrial":false,"studyCorrection":"Diese entstanden <span class=\"correct\">nach Angaben</span> der Bayerischen Vermessungsverwaltung <span class=\"wrong\">nach Angaben</span> zwischen 1810 und 1864 und entspringen der ersten Vermessung Bayerns.","studyModality":"Mouse & Keyboard","id":12},{"source":"A crypt chapel, where they are now digging tunnels for the S-Bahn.","target":"Eine Gruftkapelle, wo nun für den S-Bahn-Tunnel gegraben sind.","mt":"Eine Gruftkapelle, wo nun für den S-Bahn-Tunnel gegraben sind.","sourceLanguage":"EN-US","targetLanguage":"DE-DE","segmentStatus":1,"studyOperation":"REPLACE_SINGLE","studyTrial":true,"studyCorrection":"Eine Gruftkapelle, wo nun für den S-Bahn-Tunnel gegraben <span class=\"wrong\">sind</span><span class=\"correct\">wird</span>.","studyModality":"Mid-air Gestures & keyboard","id":13},{"source":"A crypt chapel, where they are now digging tunnels for the S-Bahn.","target":"Eine Gruftkapelle, wo nun für den S-Bahn-Tunnel gegraben sind.","mt":"Eine Gruftkapelle, wo nun für den S-Bahn-Tunnel gegraben sind.","sourceLanguage":"EN-US","targetLanguage":"DE-DE","segmentStatus":1,"studyOperation":"REPLACE_SINGLE","studyTrial":true,"studyCorrection":"Eine Gruftkapelle, wo nun für den S-Bahn-Tunnel gegraben <span class=\"wrong\">sind</span><span class=\"correct\">wird</span>.","studyModality":"Mouse & Keyboard","id":14},{"source":"Especially when one compares them with current online maps.","target":"Besonders wenn eins sie mit aktuellen Online-Karten vergleicht.","mt":"Besonders wenn eins sie mit aktuellen Online-Karten vergleicht.","sourceLanguage":"EN-US","targetLanguage":"DE-DE","segmentStatus":1,"studyOperation":"REPLACE_SINGLE","studyTrial":false,"studyCorrection":"Besonders wenn <span class=\"wrong\">eins</span><span class=\"correct\">man</span> sie mit aktuellen Online-Karten vergleicht.","studyModality":"Mouse & Keyboard","id":15},{"source":"Especially when one compares them with current online maps.","target":"Besonders wenn eins sie mit aktuellen Online-Karten vergleicht.","mt":"Besonders wenn eins sie mit aktuellen Online-Karten vergleicht.","sourceLanguage":"EN-US","targetLanguage":"DE-DE","segmentStatus":1,"studyOperation":"REPLACE_SINGLE","studyTrial":false,"studyCorrection":"Besonders wenn <span class=\"wrong\">eins</span><span class=\"correct\">man</span> sie mit aktuellen Online-Karten vergleicht.","studyModality":"Mid-air Gestures & keyboard","id":16},{"source":"A large green area is apparent to the north of Untersendling.","target":"Eine große Grünfläche bezieht sich nördlich von Untersendling ab.","mt":"Eine große Grünfläche bezieht sich nördlich von Untersendling ab.","sourceLanguage":"EN-US","targetLanguage":"DE-DE","segmentStatus":1,"studyOperation":"REPLACE_SINGLE","studyTrial":false,"studyCorrection":"Eine große Grünfläche <span class=\"wrong\">bezieht</span><span class=\"correct\">zeichnet</span> sich nördlich von Untersendling ab.","studyModality":"Mouse & Keyboard","id":17},{"source":"A large green area is apparent to the north of Untersendling.","target":"Eine große Grünfläche bezieht sich nördlich von Untersendling ab.","mt":"Eine große Grünfläche bezieht sich nördlich von Untersendling ab.","sourceLanguage":"EN-US","targetLanguage":"DE-DE","segmentStatus":1,"studyOperation":"REPLACE_SINGLE","studyTrial":false,"studyCorrection":"Eine große Grünfläche <span class=\"wrong\">bezieht</span><span class=\"correct\">zeichnet</span> sich nördlich von Untersendling ab.","studyModality":"Mid-air Gestures & keyboard","id":18},{"source":"The French army commander had occupied Bavaria since the spring in 1800, during the War of the Second Coalition with Austria.","target":"Der französische Heeresführer besetzte Bayern im Frühling 1800 während des Zweiten Koalitionskrieges mit Österreich.","mt":"Der französische Heeresführer besetzte Bayern im Frühling 1800 während des Zweiten Koalitionskrieges mit Österreich.","sourceLanguage":"EN-US","targetLanguage":"DE-DE","segmentStatus":1,"studyOperation":"REPLACE_GROUP","studyTrial":true,"studyCorrection":"Der französische Heeresführer besetzte Bayern <span class=\"correct\">seit dem Frühjahr</span><span class=\"wrong\">im Frühling</span> 1800 während des Zweiten Koalitionskrieges mit Österreich.","studyModality":"Mid-air Gestures & keyboard","id":19},{"source":"The French army commander had occupied Bavaria since the spring in 1800, during the War of the Second Coalition with Austria.","target":"Der französische Heeresführer besetzte Bayern im Frühling 1800 während des Zweiten Koalitionskrieges mit Österreich.","mt":"Der französische Heeresführer besetzte Bayern im Frühling 1800 während des Zweiten Koalitionskrieges mit Österreich.","sourceLanguage":"EN-US","targetLanguage":"DE-DE","segmentStatus":1,"studyOperation":"REPLACE_GROUP","studyTrial":true,"studyCorrection":"Der französische Heeresführer besetzte Bayern <span class=\"correct\">seit dem Frühjahr</span><span class=\"wrong\">im Frühling</span> 1800 während des Zweiten Koalitionskrieges mit Österreich.","studyModality":"Mouse & Keyboard","id":20},{"source":"One hopes that with that, afforestation of the area could then be drawn out for a long while.","target":"Man hoffe, dass damit die Aufforstung das Gebiet noch eine ganze Weile hinausgezogen werden könnte.","mt":"Man hoffe, dass damit die Aufforstung das Gebiet noch eine ganze Weile hinausgezogen werden könnte.","sourceLanguage":"EN-US","targetLanguage":"DE-DE","segmentStatus":1,"studyOperation":"REPLACE_GROUP","studyTrial":false,"studyCorrection":"Man hoffe, dass damit die Aufforstung <span class=\"correct\">der Flächen</span><span class=\"wrong\">das Gebiet</span> noch eine ganze Weile hinausgezogen werden könnte.","studyModality":"Mid-air Gestures & keyboard","id":21},{"source":"One hopes that with that, afforestation of the area could then be drawn out for a long while.","target":"Man hoffe, dass damit die Aufforstung das Gebiet noch eine ganze Weile hinausgezogen werden könnte.","mt":"Man hoffe, dass damit die Aufforstung das Gebiet noch eine ganze Weile hinausgezogen werden könnte.","sourceLanguage":"EN-US","targetLanguage":"DE-DE","segmentStatus":1,"studyOperation":"REPLACE_GROUP","studyTrial":false,"studyCorrection":"Man hoffe, dass damit die Aufforstung <span class=\"correct\">der Flächen</span><span class=\"wrong\">das Gebiet</span> noch eine ganze Weile hinausgezogen werden könnte.","studyModality":"Mouse & Keyboard","id":22},{"source":"Elector Max IV. Joseph propelled the project further forward, founding the \"Topographical Bureau\" – and with that, the Bavarian Surveying and Mapping Authority.","target":"Kurfürst Max IV. Joseph trieb das Projekt weiter voran, gründete das \"Topographische Bureau\" - und damit der Bayerisches Vermessungsverwaltung.","mt":"Kurfürst Max IV. Joseph trieb das Projekt weiter voran, gründete das \"Topographische Bureau\" - und damit der Bayerisches Vermessungsverwaltung.","sourceLanguage":"EN-US","targetLanguage":"DE-DE","segmentStatus":1,"studyOperation":"REPLACE_GROUP","studyTrial":false,"studyCorrection":"Kurfürst Max IV. Joseph trieb das Projekt weiter voran, gründete das \"Topographische Bureau\" - und damit <span class=\"wrong\">der Bayerisches</span><span class=\"correct\">die Bayerische</span> Vermessungsverwaltung.","studyModality":"Mid-air Gestures & keyboard","id":23},{"source":"Elector Max IV. Joseph propelled the project further forward, founding the \"Topographical Bureau\" – and with that, the Bavarian Surveying and Mapping Authority.","target":"Kurfürst Max IV. Joseph trieb das Projekt weiter voran, gründete das \"Topographische Bureau\" - und damit der Bayerisches Vermessungsverwaltung.","mt":"Kurfürst Max IV. Joseph trieb das Projekt weiter voran, gründete das \"Topographische Bureau\" - und damit der Bayerisches Vermessungsverwaltung.","sourceLanguage":"EN-US","targetLanguage":"DE-DE","segmentStatus":1,"studyOperation":"REPLACE_GROUP","studyTrial":false,"studyCorrection":"Kurfürst Max IV. Joseph trieb das Projekt weiter voran, gründete das \"Topographische Bureau\" - und damit <span class=\"wrong\">der Bayerisches</span><span class=\"correct\">die Bayerische</span> Vermessungsverwaltung.","studyModality":"Mouse & Keyboard","id":24},{"source":"The city has stretched out in all directions and coalesced.","target":"Die Stadt hat sich ausgedehnt und ist zusammengewachsen.","mt":"Die Stadt hat sich ausgedehnt und ist zusammengewachsen.","sourceLanguage":"EN-US","targetLanguage":"DE-DE","segmentStatus":1,"studyOperation":"INSERT","studyTrial":true,"studyCorrection":"Die Stadt hat sich <span class=\"correct\">in alle Richtungen</span> ausgedehnt und ist zusammengewachsen.","studyModality":"Mid-air Gestures & keyboard","id":25},{"source":"The city has stretched out in all directions and coalesced.","target":"Die Stadt hat sich ausgedehnt und ist zusammengewachsen.","mt":"Die Stadt hat sich ausgedehnt und ist zusammengewachsen.","sourceLanguage":"EN-US","targetLanguage":"DE-DE","segmentStatus":1,"studyOperation":"INSERT","studyTrial":true,"studyCorrection":"Die Stadt hat sich <span class=\"correct\">in alle Richtungen</span> ausgedehnt und ist zusammengewachsen.","studyModality":"Mouse & Keyboard","id":26},{"source":"Sendling was incorporated as an urban district of Munich 21 years after the map was created.","target":"Sendling wurde 21 Jahre nach der Karte also 1877, als Münchner Stadtteil eingemeindet.","mt":"Sendling wurde 21 Jahre nach der Karte also 1877, als Münchner Stadtteil eingemeindet.","sourceLanguage":"EN-US","targetLanguage":"DE-DE","segmentStatus":1,"studyOperation":"INSERT","studyTrial":false,"studyCorrection":"Sendling wurde 21 Jahre nach <span class=\"correct\">Erstellung</span> der Karte als Münchner Stadtteil eingemeindet.","studyModality":"Mouse & Keyboard","id":27},{"source":"Sendling was incorporated as an urban district of Munich 21 years after the map was created.","target":"Sendling wurde 21 Jahre nach der Karte also 1877, als Münchner Stadtteil eingemeindet.","mt":"Sendling wurde 21 Jahre nach der Karte also 1877, als Münchner Stadtteil eingemeindet.","sourceLanguage":"EN-US","targetLanguage":"DE-DE","segmentStatus":1,"studyOperation":"INSERT","studyTrial":false,"studyCorrection":"Sendling wurde 21 Jahre nach <span class=\"correct\">Erstellung</span> der Karte als Münchner Stadtteil eingemeindet.","studyModality":"Mid-air Gestures & keyboard","id":28},{"source":"An example of this is Untersendling, which still appears relatively isolated on the map from 1856.","target":"Ein Beispiel Untersendling, das in der Karte von 1856 noch relativ isoliert auftaucht.","mt":"Ein Beispiel Untersendling, das in der Karte von 1856 noch relativ isoliert auftaucht.","sourceLanguage":"EN-US","targetLanguage":"DE-DE","segmentStatus":1,"studyOperation":"INSERT","studyTrial":false,"studyCorrection":"Ein Beispiel <span class=\"correct\">dafür ist</span> Untersendling, das in der Karte von 1856 noch relativ isoliert auftaucht.","studyModality":"Mouse & Keyboard","id":29},{"source":"An example of this is Untersendling, which still appears relatively isolated on the map from 1856.","target":"Ein Beispiel Untersendling, das in der Karte von 1856 noch relativ isoliert auftaucht.","mt":"Ein Beispiel Untersendling, das in der Karte von 1856 noch relativ isoliert auftaucht.","sourceLanguage":"EN-US","targetLanguage":"DE-DE","segmentStatus":1,"studyOperation":"INSERT","studyTrial":false,"studyCorrection":"Ein Beispiel <span class=\"correct\">dafür ist</span> Untersendling, das in der Karte von 1856 noch relativ isoliert auftaucht.","studyModality":"Mid-air Gestures & keyboard","id":30},{"source":"Yes, here on Auerfeldstraße, they once imprisoned people with delusions.","target":"Ja, hier an der Auerfeldstraße sperrte man einst solche Menschen mit Wahnvorstellungen ein.","mt":"Ja, hier an der Auerfeldstraße sperrte man einst solche Menschen mit Wahnvorstellungen ein.","sourceLanguage":"EN-US","targetLanguage":"DE-DE","segmentStatus":1,"studyOperation":"DELETE_SINGLE","studyTrial":true,"studyCorrection":"Ja, hier an der Auerfeldstraße sperrte man einst <span class=\"wrong\">solche</span> Menschen mit Wahnvorstellungen ein.","studyModality":"Mouse & Keyboard","id":31},{"source":"Yes, here on Auerfeldstraße, they once imprisoned people with delusions.","target":"Ja, hier an der Auerfeldstraße sperrte man einst solche Menschen mit Wahnvorstellungen ein.","mt":"Ja, hier an der Auerfeldstraße sperrte man einst solche Menschen mit Wahnvorstellungen ein.","sourceLanguage":"EN-US","targetLanguage":"DE-DE","segmentStatus":1,"studyOperation":"DELETE_SINGLE","studyTrial":true,"studyCorrection":"Ja, hier an der Auerfeldstraße sperrte man einst <span class=\"wrong\">solche</span> Menschen mit Wahnvorstellungen ein.","studyModality":"Mid-air Gestures & keyboard","id":32},{"source":"Today, it is no longer farmers who occupy small parcels there – rather, it is allotment holders of the \"Land in Sonne\" facility.","target":"Kleine Parzellen belegen dort heute keine Landwirte mehr - sondern nur noch Kleingärtner der Anlage \"Land in Sonne\".","mt":"Kleine Parzellen belegen dort heute keine Landwirte mehr - sondern nur noch Kleingärtner der Anlage \"Land in Sonne\".","sourceLanguage":"EN-US","targetLanguage":"DE-DE","segmentStatus":1,"studyOperation":"DELETE_SINGLE","studyTrial":false,"studyCorrection":"Kleine Parzellen belegen dort heute keine Landwirte mehr - sondern <span class=\"wrong\">nur</span> Kleingärtner der Anlage \"Land in Sonne\".","studyModality":"Mid-air Gestures & keyboard","id":33},{"source":"Today, it is no longer farmers who occupy small parcels there – rather, it is allotment holders of the \"Land in Sonne\" facility.","target":"Kleine Parzellen belegen dort heute keine Landwirte mehr - sondern nur noch Kleingärtner der Anlage \"Land in Sonne\".","mt":"Kleine Parzellen belegen dort heute keine Landwirte mehr - sondern nur noch Kleingärtner der Anlage \"Land in Sonne\".","sourceLanguage":"EN-US","targetLanguage":"DE-DE","segmentStatus":1,"studyOperation":"DELETE_SINGLE","studyTrial":false,"studyCorrection":"Kleine Parzellen belegen dort heute keine Landwirte mehr - sondern <span class=\"wrong\">nur</span> Kleingärtner der Anlage \"Land in Sonne\".","studyModality":"Mouse & Keyboard","id":34},{"source":"On the other side of the Isar, the historical map gives an insight into the history of psychiatric medicine.","target":"Auf der anderen Seite der Isar gibt die historischen Karte einen Einblick in die historische Geschichte der psychiatrischen Medizin.","mt":"Auf der anderen Seite der Isar gibt die historischen Karte einen Einblick in die historische Geschichte der psychiatrischen Medizin.","sourceLanguage":"EN-US","targetLanguage":"DE-DE","segmentStatus":1,"studyOperation":"DELETE_SINGLE","studyTrial":false,"studyCorrection":"Auf der anderen Seite der Isar gibt die historische Karte einen Einblick in die <span class=\"wrong\">historische</span> Geschichte der psychiatrischen Medizin.","studyModality":"Mouse & Keyboard","id":35},{"source":"On the other side of the Isar, the historical map gives an insight into the history of psychiatric medicine.","target":"Auf der anderen Seite der Isar gibt die historischen Karte einen Einblick in die historische Geschichte der psychiatrischen Medizin.","mt":"Auf der anderen Seite der Isar gibt die historischen Karte einen Einblick in die historische Geschichte der psychiatrischen Medizin.","sourceLanguage":"EN-US","targetLanguage":"DE-DE","segmentStatus":1,"studyOperation":"DELETE_SINGLE","studyTrial":false,"studyCorrection":"Auf der anderen Seite der Isar gibt die historische Karte einen Einblick in die <span class=\"wrong\">historische</span> Geschichte der psychiatrischen Medizin.","studyModality":"Mid-air Gestures & keyboard","id":36},{"source":"Munich 1856: Four maps that will change your view of the city","target":"München 1856: Vier Karten, die Ihren Blick und Ihren Eindruck auf die Stadt verändern","mt":"München 1856: Vier Karten, die Ihren Blick und Ihren Eindruck auf die Stadt verändern","sourceLanguage":"EN-US","targetLanguage":"DE-DE","segmentStatus":1,"studyOperation":"DELETE_GROUP","studyTrial":true,"studyCorrection":"München 1856: Vier Karten, die Ihren Blick <span class=\"wrong\">und Ihren Eindruck</span> auf die Stadt verändern","studyModality":"Mid-air Gestures & keyboard","id":37},{"source":"Munich 1856: Four maps that will change your view of the city","target":"München 1856: Vier Karten, die Ihren Blick und Ihren Eindruck auf die Stadt verändern","mt":"München 1856: Vier Karten, die Ihren Blick und Ihren Eindruck auf die Stadt verändern","sourceLanguage":"EN-US","targetLanguage":"DE-DE","segmentStatus":1,"studyOperation":"DELETE_GROUP","studyTrial":true,"studyCorrection":"München 1856: Vier Karten, die Ihren Blick <span class=\"wrong\">und Ihren Eindruck</span> auf die Stadt verändern","studyModality":"Mouse & Keyboard","id":38},{"source":"The Fischerbach pasture fence project is a successful project and will be continued next year.","target":"Das Fischerbacher Weidezaun-Projekt ist ein Erfolgsprojekt und erfolgreich und wird im kommenden Jahr fortgesetzt.","mt":"Das Fischerbacher Weidezaun-Projekt ist ein Erfolgsprojekt und erfolgreich und wird im kommenden Jahr fortgesetzt.","sourceLanguage":"EN-US","targetLanguage":"DE-DE","segmentStatus":1,"studyOperation":"DELETE_GROUP","studyTrial":false,"studyCorrection":"Das Fischerbacher Weidezaun-Projekt ist ein Erfolgsprojekt <span class=\"wrong\">und erfolgreich</span> und wird im kommenden Jahr fortgesetzt.","studyModality":"Mouse & Keyboard","id":39},{"source":"The Fischerbach pasture fence project is a successful project and will be continued next year.","target":"Das Fischerbacher Weidezaun-Projekt ist ein Erfolgsprojekt und erfolgreich und wird im kommenden Jahr fortgesetzt.","mt":"Das Fischerbacher Weidezaun-Projekt ist ein Erfolgsprojekt und erfolgreich und wird im kommenden Jahr fortgesetzt.","sourceLanguage":"EN-US","targetLanguage":"DE-DE","segmentStatus":1,"studyOperation":"DELETE_GROUP","studyTrial":false,"studyCorrection":"Das Fischerbacher Weidezaun-Projekt ist ein Erfolgsprojekt <span class=\"wrong\">und erfolgreich</span> und wird im kommenden Jahr fortgesetzt.","studyModality":"Mid-air Gestures & keyboard","id":40},{"source":"The bombs of the Allies tore many holes in the city centre in December 1944.","target":"Die Bomben der Alliierten rissen im Dezember 1944 viele Löcher in und um die Innenstadt.","mt":"Die Bomben der Alliierten rissen im Dezember 1944 viele Löcher in und um die Innenstadt.","sourceLanguage":"EN-US","targetLanguage":"DE-DE","segmentStatus":1,"studyOperation":"DELETE_GROUP","studyTrial":false,"studyCorrection":"Die Bomben der Alliierten rissen im Dezember 1944 viele Löcher in <span class=\"wrong\">und um</span> die Innenstadt.","studyModality":"Mid-air Gestures & keyboard","id":41},{"source":"The bombs of the Allies tore many holes in the city centre in December 1944.","target":"Die Bomben der Alliierten rissen im Dezember 1944 viele Löcher in und um die Innenstadt.","mt":"Die Bomben der Alliierten rissen im Dezember 1944 viele Löcher in und um die Innenstadt.","sourceLanguage":"EN-US","targetLanguage":"DE-DE","segmentStatus":1,"studyOperation":"DELETE_GROUP","studyTrial":false,"studyCorrection":"Die Bomben der Alliierten rissen im Dezember 1944 viele Löcher in <span class=\"wrong\">und um</span> die Innenstadt.","studyModality":"Mouse & Keyboard","id":42}]}